[{"model": "auth.permission", "pk": 1, "fields": {"name": "Can add log entry", "content_type": 1, "codename": "add_logentry"}}, {"model": "auth.permission", "pk": 2, "fields": {"name": "Can change log entry", "content_type": 1, "codename": "change_logentry"}}, {"model": "auth.permission", "pk": 3, "fields": {"name": "Can delete log entry", "content_type": 1, "codename": "delete_logentry"}}, {"model": "auth.permission", "pk": 4, "fields": {"name": "Can view log entry", "content_type": 1, "codename": "view_logentry"}}, {"model": "auth.permission", "pk": 5, "fields": {"name": "Can add permission", "content_type": 2, "codename": "add_permission"}}, {"model": "auth.permission", "pk": 6, "fields": {"name": "Can change permission", "content_type": 2, "codename": "change_permission"}}, {"model": "auth.permission", "pk": 7, "fields": {"name": "Can delete permission", "content_type": 2, "codename": "delete_permission"}}, {"model": "auth.permission", "pk": 8, "fields": {"name": "Can view permission", "content_type": 2, "codename": "view_permission"}}, {"model": "auth.permission", "pk": 9, "fields": {"name": "Can add group", "content_type": 3, "codename": "add_group"}}, {"model": "auth.permission", "pk": 10, "fields": {"name": "Can change group", "content_type": 3, "codename": "change_group"}}, {"model": "auth.permission", "pk": 11, "fields": {"name": "Can delete group", "content_type": 3, "codename": "delete_group"}}, {"model": "auth.permission", "pk": 12, "fields": {"name": "Can view group", "content_type": 3, "codename": "view_group"}}, {"model": "auth.permission", "pk": 13, "fields": {"name": "Can add user", "content_type": 4, "codename": "add_user"}}, {"model": "auth.permission", "pk": 14, "fields": {"name": "Can change user", "content_type": 4, "codename": "change_user"}}, {"model": "auth.permission", "pk": 15, "fields": {"name": "Can delete user", "content_type": 4, "codename": "delete_user"}}, {"model": "auth.permission", "pk": 16, "fields": {"name": "Can view user", "content_type": 4, "codename": "view_user"}}, {"model": "auth.permission", "pk": 17, "fields": {"name": "Can add content type", "content_type": 5, "codename": "add_contenttype"}}, {"model": "auth.permission", "pk": 18, "fields": {"name": "Can change content type", "content_type": 5, "codename": "change_contenttype"}}, {"model": "auth.permission", "pk": 19, "fields": {"name": "Can delete content type", "content_type": 5, "codename": "delete_contenttype"}}, {"model": "auth.permission", "pk": 20, "fields": {"name": "Can view content type", "content_type": 5, "codename": "view_contenttype"}}, {"model": "auth.permission", "pk": 21, "fields": {"name": "Can add session", "content_type": 6, "codename": "add_session"}}, {"model": "auth.permission", "pk": 22, "fields": {"name": "Can change session", "content_type": 6, "codename": "change_session"}}, {"model": "auth.permission", "pk": 23, "fields": {"name": "Can delete session", "content_type": 6, "codename": "delete_session"}}, {"model": "auth.permission", "pk": 24, "fields": {"name": "Can view session", "content_type": 6, "codename": "view_session"}}, {"model": "auth.permission", "pk": 25, "fields": {"name": "Can add user profile", "content_type": 7, "codename": "add_userprofile"}}, {"model": "auth.permission", "pk": 26, "fields": {"name": "Can change user profile", "content_type": 7, "codename": "change_userprofile"}}, {"model": "auth.permission", "pk": 27, "fields": {"name": "Can delete user profile", "content_type": 7, "codename": "delete_userprofile"}}, {"model": "auth.permission", "pk": 28, "fields": {"name": "Can view user profile", "content_type": 7, "codename": "view_userprofile"}}, {"model": "auth.permission", "pk": 29, "fields": {"name": "Can add category", "content_type": 8, "codename": "add_category"}}, {"model": "auth.permission", "pk": 30, "fields": {"name": "Can change category", "content_type": 8, "codename": "change_category"}}, {"model": "auth.permission", "pk": 31, "fields": {"name": "Can delete category", "content_type": 8, "codename": "delete_category"}}, {"model": "auth.permission", "pk": 32, "fields": {"name": "Can view category", "content_type": 8, "codename": "view_category"}}, {"model": "auth.permission", "pk": 33, "fields": {"name": "Can add product", "content_type": 9, "codename": "add_product"}}, {"model": "auth.permission", "pk": 34, "fields": {"name": "Can change product", "content_type": 9, "codename": "change_product"}}, {"model": "auth.permission", "pk": 35, "fields": {"name": "Can delete product", "content_type": 9, "codename": "delete_product"}}, {"model": "auth.permission", "pk": 36, "fields": {"name": "Can view product", "content_type": 9, "codename": "view_product"}}, {"model": "auth.permission", "pk": 37, "fields": {"name": "Can add sale", "content_type": 10, "codename": "add_sale"}}, {"model": "auth.permission", "pk": 38, "fields": {"name": "Can change sale", "content_type": 10, "codename": "change_sale"}}, {"model": "auth.permission", "pk": 39, "fields": {"name": "Can delete sale", "content_type": 10, "codename": "delete_sale"}}, {"model": "auth.permission", "pk": 40, "fields": {"name": "Can view sale", "content_type": 10, "codename": "view_sale"}}, {"model": "auth.permission", "pk": 41, "fields": {"name": "Can add sale item", "content_type": 11, "codename": "add_saleitem"}}, {"model": "auth.permission", "pk": 42, "fields": {"name": "Can change sale item", "content_type": 11, "codename": "change_saleitem"}}, {"model": "auth.permission", "pk": 43, "fields": {"name": "Can delete sale item", "content_type": 11, "codename": "delete_saleitem"}}, {"model": "auth.permission", "pk": 44, "fields": {"name": "Can view sale item", "content_type": 11, "codename": "view_saleitem"}}, {"model": "auth.permission", "pk": 45, "fields": {"name": "Can add stock movement", "content_type": 12, "codename": "add_stockmovement"}}, {"model": "auth.permission", "pk": 46, "fields": {"name": "Can change stock movement", "content_type": 12, "codename": "change_stockmovement"}}, {"model": "auth.permission", "pk": 47, "fields": {"name": "Can delete stock movement", "content_type": 12, "codename": "delete_stockmovement"}}, {"model": "auth.permission", "pk": 48, "fields": {"name": "Can view stock movement", "content_type": 12, "codename": "view_stockmovement"}}, {"model": "auth.group", "pk": 1, "fields": {"name": "Admin", "permissions": []}}, {"model": "auth.group", "pk": 2, "fields": {"name": "Cashier", "permissions": []}}, {"model": "auth.user", "pk": 1, "fields": {"password": "pbkdf2_sha256$600000$1Jomwc87quTsNhhXl1ZHmv$80U7L0VOqBhFAKuDMzE/dBxEV4qkj/kKKatsZJU/1PM=", "last_login": "2025-09-02T07:07:14.583Z", "is_superuser": true, "username": "admin", "first_name": "Admin", "last_name": "Main", "email": "admin@ministore.com", "is_staff": true, "is_active": true, "date_joined": "2025-07-25T16:53:40.492Z", "groups": [1], "user_permissions": []}}, {"model": "auth.user", "pk": 2, "fields": {"password": "pbkdf2_sha256$600000$yKlZJ1XPwAhAfkFb4U7YMe$+SwzfH+OLEZd5FqQIvOkB1C5RpDlzy5LhWuzd4JmeQg=", "last_login": "2025-09-02T09:33:36.344Z", "is_superuser": false, "username": "cashier1", "first_name": "Alice", "last_name": "Smith", "email": "cashier1@ministore.com", "is_staff": false, "is_active": true, "date_joined": "2025-07-25T16:53:41.841Z", "groups": [2], "user_permissions": []}}, {"model": "auth.user", "pk": 3, "fields": {"password": "pbkdf2_sha256$600000$egVdO5ufOABrky7vQCDJsO$uZI02vQ+l120Wjkbm91Xc/Kmaq5gxoDDFdTH1AaexoU=", "last_login": null, "is_superuser": false, "username": "cashier2", "first_name": "Bob", "last_name": "Johnson", "email": "cashier2@ministore.com", "is_staff": false, "is_active": true, "date_joined": "2025-07-25T16:53:43.101Z", "groups": [2], "user_permissions": []}}, {"model": "contenttypes.contenttype", "pk": 1, "fields": {"app_label": "admin", "model": "logentry"}}, {"model": "contenttypes.contenttype", "pk": 2, "fields": {"app_label": "auth", "model": "permission"}}, {"model": "contenttypes.contenttype", "pk": 3, "fields": {"app_label": "auth", "model": "group"}}, {"model": "contenttypes.contenttype", "pk": 4, "fields": {"app_label": "auth", "model": "user"}}, {"model": "contenttypes.contenttype", "pk": 5, "fields": {"app_label": "contenttypes", "model": "contenttype"}}, {"model": "contenttypes.contenttype", "pk": 6, "fields": {"app_label": "sessions", "model": "session"}}, {"model": "contenttypes.contenttype", "pk": 7, "fields": {"app_label": "pos", "model": "userprofile"}}, {"model": "contenttypes.contenttype", "pk": 8, "fields": {"app_label": "pos", "model": "category"}}, {"model": "contenttypes.contenttype", "pk": 9, "fields": {"app_label": "pos", "model": "product"}}, {"model": "contenttypes.contenttype", "pk": 10, "fields": {"app_label": "pos", "model": "sale"}}, {"model": "contenttypes.contenttype", "pk": 11, "fields": {"app_label": "pos", "model": "saleitem"}}, {"model": "contenttypes.contenttype", "pk": 12, "fields": {"app_label": "pos", "model": "stockmovement"}}, {"model": "sessions.session", "pk": "idzwbj18l77eu35wdoy8f81sxotjaqc0", "fields": {"session_data": ".eJxVjDsOwyAQBe9CHSEDCwsp0_sMiM8SnERYMnYV5e6xJRdJ-2bmvZkP21r91mnxU2ZXJtnld4shPakdID9Cu888zW1dpsgPhZ-083HO9Lqd7t9BDb3utUHQQBRBa1BgTUlCKaSCAmVAoQCFRhvJGZmQ9I6sLIOz0gEN0mX2-QKxVjZ5:1urzc8:s91BVty76Ke3dzuVXaEUrJ7QYTYRUzTc0a4Rt_Bwhvs", "expire_date": "2025-09-12T13:58:00.986Z"}}, {"model": "sessions.session", "pk": "wkyytyprk4yl78lugx01pedqccq2mrk8", "fields": {"session_data": ".eJxVjDsOwyAQBe9CHSEDCwsp0_sMiM8SnERYMnYV5e6xJRdJ-2bmvZkP21r91mnxU2ZXJtnld4shPakdID9Cu888zW1dpsgPhZ-083HO9Lqd7t9BDb3utUHQQBRBa1BgTUlCKaSCAmVAoQCFRhvJGZmQ9I6sLIOz0gEN0mX2-QKxVjZ5:1utNOS:5IDTnbOU4WtRUxJNA9Mqx3ULOVKrcPXvJ2N_dSoARPs", "expire_date": "2025-09-16T09:33:36.364Z"}}, {"model": "sessions.session", "pk": "zmshdda3r19k2uhku8i9z1jptzl9wnpx", "fields": {"session_data": ".eJxVjDsOwyAQBe9CHSEDCwsp0_sMiM8SnERYMnYV5e6xJRdJ-2bmvZkP21r91mnxU2ZXJtnld4shPakdID9Cu888zW1dpsgPhZ-083HO9Lqd7t9BDb3utUHQQBRBa1BgTUlCKaSCAmVAoQCFRhvJGZmQ9I6sLIOz0gEN0mX2-QKxVjZ5:1urtGk:CEdomWNx8EegeMMUDTWn5LDRnvucWoRUM3TrpM-JuDQ", "expire_date": "2025-09-12T07:11:30.087Z"}}, {"model": "pos.userprofile", "pk": 1, "fields": {"user": 1, "role": "admin", "phone": "555-0001", "created_at": "2025-07-25T16:53:40.498Z"}}, {"model": "pos.userprofile", "pk": 2, "fields": {"user": 2, "role": "cashier", "phone": "555-0002", "created_at": "2025-07-25T16:53:41.846Z"}}, {"model": "pos.userprofile", "pk": 3, "fields": {"user": 3, "role": "cashier", "phone": "555-0003", "created_at": "2025-07-25T16:53:43.105Z"}}, {"model": "pos.category", "pk": 1, "fields": {"name": "Electronics", "description": "Electronic devices and accessories", "is_active": true, "created_at": "2025-07-25T16:53:44.401Z"}}, {"model": "pos.category", "pk": 2, "fields": {"name": "Clothing", "description": "Apparel and fashion items", "is_active": true, "created_at": "2025-07-25T16:53:44.419Z"}}, {"model": "pos.category", "pk": 3, "fields": {"name": "Food & Beverages", "description": "Food items and drinks", "is_active": true, "created_at": "2025-07-25T16:53:44.423Z"}}, {"model": "pos.category", "pk": 4, "fields": {"name": "Books & Stationery", "description": "Books, notebooks, and office supplies", "is_active": true, "created_at": "2025-07-25T16:53:44.431Z"}}, {"model": "pos.category", "pk": 5, "fields": {"name": "Home & Garden", "description": "Household items and garden supplies", "is_active": true, "created_at": "2025-07-25T16:53:44.437Z"}}, {"model": "pos.category", "pk": 6, "fields": {"name": "Sports & Fitness", "description": "Sports equipment and fitness gear", "is_active": true, "created_at": "2025-07-25T16:53:44.442Z"}}, {"model": "pos.category", "pk": 7, "fields": {"name": "Health & Beauty", "description": "Health products and cosmetics", "is_active": true, "created_at": "2025-07-25T16:53:44.463Z"}}, {"model": "pos.category", "pk": 8, "fields": {"name": "Toys & Games", "description": "Toys and entertainment items", "is_active": true, "created_at": "2025-07-25T16:53:44.499Z"}}, {"model": "pos.category", "pk": 9, "fields": {"name": "Kitchen", "description": "Cooking Accessories", "is_active": true, "created_at": "2025-09-02T07:08:26.259Z"}}, {"model": "pos.product", "pk": 1, "fields": {"name": "Smartphone", "category": 1, "barcode": "5866660144952", "price": "25000.00", "stock_quantity": 31, "min_stock_level": 7, "image": "", "description": "High quality smartphone", "is_active": true, "created_at": "2025-07-25T16:53:44.522Z", "updated_at": "2025-07-25T16:53:44.958Z"}}, {"model": "pos.product", "pk": 2, "fields": {"name": "Laptop", "category": 1, "barcode": "4625612844598", "price": "45000.00", "stock_quantity": 3, "min_stock_level": 12, "image": "", "description": "High quality laptop", "is_active": true, "created_at": "2025-07-25T16:53:44.529Z", "updated_at": "2025-07-25T16:53:44.916Z"}}, {"model": "pos.product", "pk": 3, "fields": {"name": "Bluetooth Headphones", "category": 1, "barcode": "9758412370333", "price": "2500.00", "stock_quantity": 72, "min_stock_level": 7, "image": "", "description": "High quality bluetooth headphones", "is_active": true, "created_at": "2025-07-25T16:53:44.533Z", "updated_at": "2025-07-25T16:53:45.039Z"}}, {"model": "pos.product", "pk": 4, "fields": {"name": "USB Cable", "category": 1, "barcode": "8491873697982", "price": "500.00", "stock_quantity": 82, "min_stock_level": 11, "image": "", "description": "High quality usb cable", "is_active": true, "created_at": "2025-07-25T16:53:44.535Z", "updated_at": "2025-07-25T16:53:45.020Z"}}, {"model": "pos.product", "pk": 5, "fields": {"name": "Power Bank", "category": 1, "barcode": "9310812469803", "price": "1500.00", "stock_quantity": 32, "min_stock_level": 5, "image": "", "description": "High quality power bank", "is_active": true, "created_at": "2025-07-25T16:53:44.539Z", "updated_at": "2025-07-25T16:53:45.055Z"}}, {"model": "pos.product", "pk": 6, "fields": {"name": "Cotton T-Shirt", "category": 2, "barcode": "7206707554792", "price": "800.00", "stock_quantity": 63, "min_stock_level": 13, "image": "", "description": "High quality cotton t-shirt", "is_active": true, "created_at": "2025-07-25T16:53:44.541Z", "updated_at": "2025-07-25T16:53:45.049Z"}}, {"model": "pos.product", "pk": 7, "fields": {"name": "Blue Jeans", "category": 2, "barcode": "4724208861026", "price": "1500.00", "stock_quantity": 38, "min_stock_level": 14, "image": "", "description": "High quality blue jeans", "is_active": true, "created_at": "2025-07-25T16:53:44.543Z", "updated_at": "2025-09-02T10:38:18.256Z"}}, {"model": "pos.product", "pk": 8, "fields": {"name": "Running Shoes", "category": 2, "barcode": "8464993924984", "price": "3000.00", "stock_quantity": 16, "min_stock_level": 10, "image": "", "description": "High quality running shoes", "is_active": true, "created_at": "2025-07-25T16:53:44.547Z", "updated_at": "2025-09-02T10:38:18.280Z"}}, {"model": "pos.product", "pk": 9, "fields": {"name": "Baseball Cap", "category": 2, "barcode": "5226475329008", "price": "600.00", "stock_quantity": 43, "min_stock_level": 14, "image": "", "description": "High quality baseball cap", "is_active": true, "created_at": "2025-07-25T16:53:44.549Z", "updated_at": "2025-07-25T16:53:45.009Z"}}, {"model": "pos.product", "pk": 10, "fields": {"name": "Premium Coffee Beans 1kg", "category": 3, "barcode": "8390423500667", "price": "1200.00", "stock_quantity": 21, "min_stock_level": 11, "image": "", "description": "High quality premium coffee beans 1kg", "is_active": true, "created_at": "2025-07-25T16:53:44.555Z", "updated_at": "2025-07-25T16:53:45.051Z"}}, {"model": "pos.product", "pk": 11, "fields": {"name": "Green Tea Box", "category": 3, "barcode": "3009777422785", "price": "300.00", "stock_quantity": 6, "min_stock_level": 9, "image": "", "description": "High quality green tea box", "is_active": true, "created_at": "2025-07-25T16:53:44.561Z", "updated_at": "2025-07-25T16:53:45.031Z"}}, {"model": "pos.product", "pk": 12, "fields": {"name": "Dark Chocolate Bar", "category": 3, "barcode": "7564346589791", "price": "150.00", "stock_quantity": 138, "min_stock_level": 10, "image": "", "description": "High quality dark chocolate bar", "is_active": true, "created_at": "2025-07-25T16:53:44.564Z", "updated_at": "2025-07-25T16:53:45.041Z"}}, {"model": "pos.product", "pk": 13, "fields": {"name": "Energy Drink", "category": 3, "barcode": "6638195449625", "price": "80.00", "stock_quantity": 235, "min_stock_level": 5, "image": "", "description": "High quality energy drink", "is_active": true, "created_at": "2025-07-25T16:53:44.569Z", "updated_at": "2025-09-02T10:29:23.483Z"}}, {"model": "pos.product", "pk": 14, "fields": {"name": "Programming Handbook", "category": 4, "barcode": "8655236671095", "price": "1800.00", "stock_quantity": 0, "min_stock_level": 6, "image": "", "description": "High quality programming handbook", "is_active": true, "created_at": "2025-07-25T16:53:44.573Z", "updated_at": "2025-07-25T16:53:45.028Z"}}, {"model": "pos.product", "pk": 15, "fields": {"name": "Notebook Set", "category": 4, "barcode": "9613366589874", "price": "400.00", "stock_quantity": 34, "min_stock_level": 14, "image": "", "description": "High quality notebook set", "is_active": true, "created_at": "2025-07-25T16:53:44.582Z", "updated_at": "2025-07-25T16:53:45.024Z"}}, {"model": "pos.product", "pk": 16, "fields": {"name": "Ballpoint Pens (Pack of 10)", "category": 4, "barcode": "1169959650586", "price": "200.00", "stock_quantity": 73, "min_stock_level": 7, "image": "", "description": "High quality ballpoint pens (pack of 10)", "is_active": true, "created_at": "2025-07-25T16:53:44.589Z", "updated_at": "2025-09-02T10:29:23.462Z"}}, {"model": "pos.product", "pk": 17, "fields": {"name": "Ceramic Plant Pot", "category": 5, "barcode": "1428848790840", "price": "400.00", "stock_quantity": 11, "min_stock_level": 11, "image": "", "description": "High quality ceramic plant pot", "is_active": true, "created_at": "2025-07-25T16:53:44.593Z", "updated_at": "2025-07-25T16:53:44.971Z"}}, {"model": "pos.product", "pk": 18, "fields": {"name": "Kitchen Knife Set", "category": 5, "barcode": "7904647283434", "price": "1200.00", "stock_quantity": 14, "min_stock_level": 13, "image": "", "description": "High quality kitchen knife set", "is_active": true, "created_at": "2025-07-25T16:53:44.599Z", "updated_at": "2025-07-25T16:53:44.949Z"}}, {"model": "pos.product", "pk": 19, "fields": {"name": "LED Table Lamp", "category": 5, "barcode": "3830377680952", "price": "800.00", "stock_quantity": 16, "min_stock_level": 14, "image": "", "description": "High quality led table lamp", "is_active": true, "created_at": "2025-07-25T16:53:44.601Z", "updated_at": "2025-07-25T16:53:45.043Z"}}, {"model": "pos.product", "pk": 20, "fields": {"name": "Tennis Ball Set", "category": 6, "barcode": "4447672919242", "price": "300.00", "stock_quantity": 17, "min_stock_level": 13, "image": "", "description": "High quality tennis ball set", "is_active": true, "created_at": "2025-07-25T16:53:44.605Z", "updated_at": "2025-07-25T16:53:44.951Z"}}, {"model": "pos.product", "pk": 21, "fields": {"name": "Yoga Mat", "category": 6, "barcode": "6602796410429", "price": "1500.00", "stock_quantity": 27, "min_stock_level": 8, "image": "", "description": "High quality yoga mat", "is_active": true, "created_at": "2025-07-25T16:53:44.608Z", "updated_at": "2025-09-02T10:38:18.298Z"}}, {"model": "pos.product", "pk": 22, "fields": {"name": "Water Bottle", "category": 6, "barcode": "7812995847496", "price": "400.00", "stock_quantity": 98, "min_stock_level": 14, "image": "", "description": "High quality water bottle", "is_active": true, "created_at": "2025-07-25T16:53:44.611Z", "updated_at": "2025-07-25T16:53:45.048Z"}}, {"model": "pos.product", "pk": 23, "fields": {"name": "Face Cream", "category": 7, "barcode": "2118747789342", "price": "800.00", "stock_quantity": 27, "min_stock_level": 9, "image": "", "description": "High quality face cream", "is_active": true, "created_at": "2025-07-25T16:53:44.621Z", "updated_at": "2025-07-25T16:53:44.968Z"}}, {"model": "pos.product", "pk": 24, "fields": {"name": "Shampoo 500ml", "category": 7, "barcode": "6420212672905", "price": "600.00", "stock_quantity": 23, "min_stock_level": 7, "image": "", "description": "High quality shampoo 500ml", "is_active": true, "created_at": "2025-07-25T16:53:44.627Z", "updated_at": "2025-07-25T16:53:44.890Z"}}, {"model": "pos.product", "pk": 25, "fields": {"name": "Board Game", "category": 8, "barcode": "4354470063715", "price": "1200.00", "stock_quantity": 11, "min_stock_level": 12, "image": "", "description": "High quality board game", "is_active": true, "created_at": "2025-07-25T16:53:44.633Z", "updated_at": "2025-07-25T16:53:45.045Z"}}, {"model": "pos.product", "pk": 26, "fields": {"name": "Puzzle 1000 pieces", "category": 8, "barcode": "2588602779550", "price": "800.00", "stock_quantity": 10, "min_stock_level": 7, "image": "", "description": "High quality puzzle 1000 pieces", "is_active": true, "created_at": "2025-07-25T16:53:44.641Z", "updated_at": "2025-07-25T16:53:45.057Z"}}, {"model": "pos.sale", "pk": 1, "fields": {"invoice_number": "INV-4384982D", "cashier": 3, "total_amount": "321000.00", "discount_amount": "1506.89", "tax_amount": "15974.66", "final_amount": "335467.77", "payment_method": "card", "customer_name": "David Brown", "customer_phone": "555-5347", "created_at": "2025-07-25T16:53:44.663Z", "notes": null}}, {"model": "pos.sale", "pk": 2, "fields": {"invoice_number": "INV-AC2AD4DF", "cashier": 3, "total_amount": "3600.00", "discount_amount": "338.62", "tax_amount": "163.07", "final_amount": "3424.45", "payment_method": "digital", "customer_name": "Lisa Davis", "customer_phone": "555-8623", "created_at": "2025-07-25T16:53:44.695Z", "notes": null}}, {"model": "pos.sale", "pk": 3, "fields": {"invoice_number": "INV-1CD50219", "cashier": 2, "total_amount": "17600.00", "discount_amount": "590.04", "tax_amount": "850.50", "final_amount": "17860.45", "payment_method": "digital", "customer_name": "Tom Anderson", "customer_phone": "555-7950", "created_at": "2025-07-25T16:53:44.712Z", "notes": null}}, {"model": "pos.sale", "pk": 4, "fields": {"invoice_number": "INV-2FA52596", "cashier": 2, "total_amount": "16200.00", "discount_amount": "1566.81", "tax_amount": "731.66", "final_amount": "15364.85", "payment_method": "digital", "customer_name": "Mike Johnson", "customer_phone": "555-5295", "created_at": "2025-07-25T16:53:44.728Z", "notes": null}}, {"model": "pos.sale", "pk": 5, "fields": {"invoice_number": "INV-110F7C28", "cashier": 2, "total_amount": "18200.00", "discount_amount": "847.91", "tax_amount": "867.60", "final_amount": "18219.69", "payment_method": "digital", "customer_name": "Sarah Wilson", "customer_phone": "555-5168", "created_at": "2025-07-25T16:53:44.754Z", "notes": null}}, {"model": "pos.sale", "pk": 6, "fields": {"invoice_number": "INV-220E9530", "cashier": 2, "total_amount": "18000.00", "discount_amount": "627.84", "tax_amount": "868.61", "final_amount": "18240.76", "payment_method": "cash", "customer_name": "", "customer_phone": "", "created_at": "2025-07-25T16:53:44.772Z", "notes": null}}, {"model": "pos.sale", "pk": 7, "fields": {"invoice_number": "INV-5165250F", "cashier": 3, "total_amount": "154600.00", "discount_amount": "6228.54", "tax_amount": "7418.57", "final_amount": "155790.03", "payment_method": "card", "customer_name": "Sarah Wilson", "customer_phone": "555-3252", "created_at": "2025-07-25T16:53:44.783Z", "notes": null}}, {"model": "pos.sale", "pk": 8, "fields": {"invoice_number": "INV-CE6B006A", "cashier": 2, "total_amount": "3000.00", "discount_amount": "153.88", "tax_amount": "142.31", "final_amount": "2988.43", "payment_method": "cash", "customer_name": "", "customer_phone": "", "created_at": "2025-07-25T16:53:44.795Z", "notes": null}}, {"model": "pos.sale", "pk": 9, "fields": {"invoice_number": "INV-F10D440A", "cashier": 3, "total_amount": "2400.00", "discount_amount": "61.86", "tax_amount": "116.91", "final_amount": "2455.05", "payment_method": "digital", "customer_name": "Emma Taylor", "customer_phone": "555-1850", "created_at": "2025-07-25T16:53:44.805Z", "notes": null}}, {"model": "pos.sale", "pk": 10, "fields": {"invoice_number": "INV-3834BE84", "cashier": 3, "total_amount": "10600.00", "discount_amount": "203.62", "tax_amount": "519.82", "final_amount": "10916.20", "payment_method": "digital", "customer_name": "Lisa Davis", "customer_phone": "555-8522", "created_at": "2025-07-25T16:53:44.815Z", "notes": null}}, {"model": "pos.sale", "pk": 11, "fields": {"invoice_number": "INV-D5D550D2", "cashier": 3, "total_amount": "259000.00", "discount_amount": "15216.15", "tax_amount": "12189.19", "final_amount": "255973.05", "payment_method": "card", "customer_name": "", "customer_phone": "", "created_at": "2025-07-25T16:53:44.828Z", "notes": null}}, {"model": "pos.sale", "pk": 12, "fields": {"invoice_number": "INV-EC54C145", "cashier": 2, "total_amount": "20100.00", "discount_amount": "911.42", "tax_amount": "959.43", "final_amount": "20148.01", "payment_method": "digital", "customer_name": "", "customer_phone": "", "created_at": "2025-07-25T16:53:44.843Z", "notes": null}}, {"model": "pos.sale", "pk": 13, "fields": {"invoice_number": "INV-6315D7DE", "cashier": 3, "total_amount": "13000.00", "discount_amount": "53.08", "tax_amount": "647.35", "final_amount": "13594.27", "payment_method": "cash", "customer_name": "John Doe", "customer_phone": "555-9944", "created_at": "2025-07-25T16:53:44.859Z", "notes": null}}, {"model": "pos.sale", "pk": 14, "fields": {"invoice_number": "INV-9DDF75D4", "cashier": 2, "total_amount": "48800.00", "discount_amount": "2774.45", "tax_amount": "2301.28", "final_amount": "48326.83", "payment_method": "card", "customer_name": "Tom Anderson", "customer_phone": "555-8416", "created_at": "2025-07-25T16:53:44.873Z", "notes": null}}, {"model": "pos.sale", "pk": 15, "fields": {"invoice_number": "INV-1FA4DF6D", "cashier": 3, "total_amount": "10500.00", "discount_amount": "106.40", "tax_amount": "519.68", "final_amount": "10913.28", "payment_method": "digital", "customer_name": "", "customer_phone": "", "created_at": "2025-07-25T16:53:44.888Z", "notes": null}}, {"model": "pos.sale", "pk": 16, "fields": {"invoice_number": "INV-8CCE3296", "cashier": 3, "total_amount": "6300.00", "discount_amount": "497.57", "tax_amount": "290.12", "final_amount": "6092.55", "payment_method": "card", "customer_name": "Lisa Davis", "customer_phone": "555-6737", "created_at": "2025-07-25T16:53:44.897Z", "notes": null}}, {"model": "pos.sale", "pk": 17, "fields": {"invoice_number": "INV-A3CC00E4", "cashier": 2, "total_amount": "408000.00", "discount_amount": "15008.03", "tax_amount": "19649.60", "final_amount": "412641.57", "payment_method": "cash", "customer_name": "Emma Taylor", "customer_phone": "555-9214", "created_at": "2025-07-25T16:53:44.909Z", "notes": null}}, {"model": "pos.sale", "pk": 18, "fields": {"invoice_number": "INV-7EBE87AB", "cashier": 3, "total_amount": "10800.00", "discount_amount": "954.62", "tax_amount": "492.27", "final_amount": "10337.65", "payment_method": "cash", "customer_name": "John Doe", "customer_phone": "555-8495", "created_at": "2025-07-25T16:53:44.919Z", "notes": null}}, {"model": "pos.sale", "pk": 19, "fields": {"invoice_number": "INV-14AA7E7B", "cashier": 2, "total_amount": "35600.00", "discount_amount": "3345.15", "tax_amount": "1612.74", "final_amount": "33867.59", "payment_method": "cash", "customer_name": "", "customer_phone": "", "created_at": "2025-07-25T16:53:44.939Z", "notes": null}}, {"model": "pos.sale", "pk": 20, "fields": {"invoice_number": "INV-0EAC3E8E", "cashier": 2, "total_amount": "75000.00", "discount_amount": "3854.52", "tax_amount": "3557.27", "final_amount": "74702.75", "payment_method": "digital", "customer_name": "David Brown", "customer_phone": "555-6967", "created_at": "2025-07-25T16:53:44.953Z", "notes": null}}, {"model": "pos.sale", "pk": 21, "fields": {"invoice_number": "INV-8297298B", "cashier": 3, "total_amount": "6400.00", "discount_amount": "183.71", "tax_amount": "310.81", "final_amount": "6527.10", "payment_method": "cash", "customer_name": "", "customer_phone": "", "created_at": "2025-07-25T16:53:44.961Z", "notes": null}}, {"model": "pos.sale", "pk": 22, "fields": {"invoice_number": "INV-1E0146FD", "cashier": 2, "total_amount": "720.00", "discount_amount": "51.00", "tax_amount": "33.45", "final_amount": "702.45", "payment_method": "digital", "customer_name": "Mike Johnson", "customer_phone": "555-5533", "created_at": "2025-07-25T16:53:44.973Z", "notes": null}}, {"model": "pos.sale", "pk": 23, "fields": {"invoice_number": "INV-0F1FD4C8", "cashier": 3, "total_amount": "3000.00", "discount_amount": "116.12", "tax_amount": "144.19", "final_amount": "3028.07", "payment_method": "cash", "customer_name": "", "customer_phone": "", "created_at": "2025-07-25T16:53:44.979Z", "notes": null}}, {"model": "pos.sale", "pk": 24, "fields": {"invoice_number": "INV-6B91393A", "cashier": 2, "total_amount": "19900.00", "discount_amount": "1714.77", "tax_amount": "909.26", "final_amount": "19094.49", "payment_method": "cash", "customer_name": "", "customer_phone": "", "created_at": "2025-07-25T16:53:44.988Z", "notes": null}}, {"model": "pos.sale", "pk": 25, "fields": {"invoice_number": "INV-759E03EF", "cashier": 3, "total_amount": "1200.00", "discount_amount": "58.19", "tax_amount": "57.09", "final_amount": "1198.90", "payment_method": "digital", "customer_name": "Lisa Davis", "customer_phone": "555-4365", "created_at": "2025-07-25T16:53:45.001Z", "notes": null}}, {"model": "pos.sale", "pk": 26, "fields": {"invoice_number": "INV-4D04D487", "cashier": 2, "total_amount": "2500.00", "discount_amount": "0.00", "tax_amount": "250.00", "final_amount": "2750.00", "payment_method": "digital", "customer_name": "", "customer_phone": "", "created_at": "2025-09-02T10:08:50.654Z", "notes": ""}}, {"model": "pos.sale", "pk": 27, "fields": {"invoice_number": "INV-E1C24761", "cashier": 2, "total_amount": "2500.00", "discount_amount": "0.00", "tax_amount": "250.00", "final_amount": "2750.00", "payment_method": "digital", "customer_name": "", "customer_phone": "", "created_at": "2025-09-02T10:12:47.173Z", "notes": ""}}, {"model": "pos.sale", "pk": 28, "fields": {"invoice_number": "INV-7803B512", "cashier": 2, "total_amount": "5900.00", "discount_amount": "0.00", "tax_amount": "590.00", "final_amount": "6490.00", "payment_method": "digital", "customer_name": "", "customer_phone": "", "created_at": "2025-09-02T10:16:19.585Z", "notes": ""}}, {"model": "pos.sale", "pk": 29, "fields": {"invoice_number": "INV-C356ED2C", "cashier": 2, "total_amount": "1600.00", "discount_amount": "0.00", "tax_amount": "160.00", "final_amount": "1760.00", "payment_method": "digital", "customer_name": "", "customer_phone": "", "created_at": "2025-09-02T10:18:07.475Z", "notes": ""}}, {"model": "pos.sale", "pk": 30, "fields": {"invoice_number": "INV-C36799D5", "cashier": 2, "total_amount": "2500.00", "discount_amount": "0.00", "tax_amount": "250.00", "final_amount": "2750.00", "payment_method": "card", "customer_name": "", "customer_phone": "", "created_at": "2025-09-02T10:22:06.657Z", "notes": ""}}, {"model": "pos.sale", "pk": 31, "fields": {"invoice_number": "INV-37550CC5", "cashier": 2, "total_amount": "2500.00", "discount_amount": "0.00", "tax_amount": "250.00", "final_amount": "2750.00", "payment_method": "card", "customer_name": "", "customer_phone": "", "created_at": "2025-09-02T10:24:37.769Z", "notes": ""}}, {"model": "pos.sale", "pk": 32, "fields": {"invoice_number": "INV-B149B169", "cashier": 2, "total_amount": "2500.00", "discount_amount": "0.00", "tax_amount": "250.00", "final_amount": "2750.00", "payment_method": "card", "customer_name": "", "customer_phone": "", "created_at": "2025-09-02T10:24:48.059Z", "notes": ""}}, {"model": "pos.sale", "pk": 33, "fields": {"invoice_number": "INV-1E5E2CE1", "cashier": 2, "total_amount": "1780.00", "discount_amount": "0.00", "tax_amount": "178.00", "final_amount": "1958.00", "payment_method": "digital", "customer_name": "", "customer_phone": "", "created_at": "2025-09-02T10:29:23.419Z", "notes": ""}}, {"model": "pos.sale", "pk": 34, "fields": {"invoice_number": "INV-45BE8CC9", "cashier": 2, "total_amount": "6000.00", "discount_amount": "0.00", "tax_amount": "600.00", "final_amount": "6600.00", "payment_method": "digital", "customer_name": "", "customer_phone": "", "created_at": "2025-09-02T10:38:18.228Z", "notes": ""}}, {"model": "pos.saleitem", "pk": 1, "fields": {"sale": 1, "product": 2, "quantity": 7, "unit_price": "45000.00", "total_price": "315000.00", "created_at": "2025-07-25T16:53:44.675Z"}}, {"model": "pos.saleitem", "pk": 2, "fields": {"sale": 1, "product": 24, "quantity": 10, "unit_price": "600.00", "total_price": "6000.00", "created_at": "2025-07-25T16:53:44.678Z"}}, {"model": "pos.saleitem", "pk": 3, "fields": {"sale": 2, "product": 24, "quantity": 6, "unit_price": "600.00", "total_price": "3600.00", "created_at": "2025-07-25T16:53:44.701Z"}}, {"model": "pos.saleitem", "pk": 4, "fields": {"sale": 3, "product": 20, "quantity": 6, "unit_price": "300.00", "total_price": "1800.00", "created_at": "2025-07-25T16:53:44.719Z"}}, {"model": "pos.saleitem", "pk": 5, "fields": {"sale": 3, "product": 8, "quantity": 5, "unit_price": "3000.00", "total_price": "15000.00", "created_at": "2025-07-25T16:53:44.722Z"}}, {"model": "pos.saleitem", "pk": 6, "fields": {"sale": 3, "product": 15, "quantity": 2, "unit_price": "400.00", "total_price": "800.00", "created_at": "2025-07-25T16:53:44.724Z"}}, {"model": "pos.saleitem", "pk": 7, "fields": {"sale": 4, "product": 24, "quantity": 2, "unit_price": "600.00", "total_price": "1200.00", "created_at": "2025-07-25T16:53:44.734Z"}}, {"model": "pos.saleitem", "pk": 8, "fields": {"sale": 4, "product": 8, "quantity": 5, "unit_price": "3000.00", "total_price": "15000.00", "created_at": "2025-07-25T16:53:44.736Z"}}, {"model": "pos.saleitem", "pk": 9, "fields": {"sale": 5, "product": 4, "quantity": 10, "unit_price": "500.00", "total_price": "5000.00", "created_at": "2025-07-25T16:53:44.761Z"}}, {"model": "pos.saleitem", "pk": 10, "fields": {"sale": 5, "product": 14, "quantity": 2, "unit_price": "1800.00", "total_price": "3600.00", "created_at": "2025-07-25T16:53:44.763Z"}}, {"model": "pos.saleitem", "pk": 11, "fields": {"sale": 5, "product": 25, "quantity": 8, "unit_price": "1200.00", "total_price": "9600.00", "created_at": "2025-07-25T16:53:44.766Z"}}, {"model": "pos.saleitem", "pk": 12, "fields": {"sale": 6, "product": 14, "quantity": 10, "unit_price": "1800.00", "total_price": "18000.00", "created_at": "2025-07-25T16:53:44.778Z"}}, {"model": "pos.saleitem", "pk": 13, "fields": {"sale": 7, "product": 15, "quantity": 10, "unit_price": "400.00", "total_price": "4000.00", "created_at": "2025-07-25T16:53:44.788Z"}}, {"model": "pos.saleitem", "pk": 14, "fields": {"sale": 7, "product": 1, "quantity": 6, "unit_price": "25000.00", "total_price": "150000.00", "created_at": "2025-07-25T16:53:44.790Z"}}, {"model": "pos.saleitem", "pk": 15, "fields": {"sale": 7, "product": 11, "quantity": 2, "unit_price": "300.00", "total_price": "600.00", "created_at": "2025-07-25T16:53:44.792Z"}}, {"model": "pos.saleitem", "pk": 16, "fields": {"sale": 8, "product": 4, "quantity": 6, "unit_price": "500.00", "total_price": "3000.00", "created_at": "2025-07-25T16:53:44.801Z"}}, {"model": "pos.saleitem", "pk": 17, "fields": {"sale": 9, "product": 23, "quantity": 3, "unit_price": "800.00", "total_price": "2400.00", "created_at": "2025-07-25T16:53:44.811Z"}}, {"model": "pos.saleitem", "pk": 18, "fields": {"sale": 10, "product": 17, "quantity": 4, "unit_price": "400.00", "total_price": "1600.00", "created_at": "2025-07-25T16:53:44.819Z"}}, {"model": "pos.saleitem", "pk": 19, "fields": {"sale": 10, "product": 24, "quantity": 9, "unit_price": "600.00", "total_price": "5400.00", "created_at": "2025-07-25T16:53:44.821Z"}}, {"model": "pos.saleitem", "pk": 20, "fields": {"sale": 10, "product": 23, "quantity": 3, "unit_price": "800.00", "total_price": "2400.00", "created_at": "2025-07-25T16:53:44.823Z"}}, {"model": "pos.saleitem", "pk": 21, "fields": {"sale": 10, "product": 12, "quantity": 8, "unit_price": "150.00", "total_price": "1200.00", "created_at": "2025-07-25T16:53:44.825Z"}}, {"model": "pos.saleitem", "pk": 22, "fields": {"sale": 11, "product": 1, "quantity": 10, "unit_price": "25000.00", "total_price": "250000.00", "created_at": "2025-07-25T16:53:44.835Z"}}, {"model": "pos.saleitem", "pk": 23, "fields": {"sale": 11, "product": 8, "quantity": 3, "unit_price": "3000.00", "total_price": "9000.00", "created_at": "2025-07-25T16:53:44.839Z"}}, {"model": "pos.saleitem", "pk": 24, "fields": {"sale": 12, "product": 25, "quantity": 3, "unit_price": "1200.00", "total_price": "3600.00", "created_at": "2025-07-25T16:53:44.849Z"}}, {"model": "pos.saleitem", "pk": 25, "fields": {"sale": 12, "product": 5, "quantity": 6, "unit_price": "1500.00", "total_price": "9000.00", "created_at": "2025-07-25T16:53:44.853Z"}}, {"model": "pos.saleitem", "pk": 26, "fields": {"sale": 12, "product": 3, "quantity": 3, "unit_price": "2500.00", "total_price": "7500.00", "created_at": "2025-07-25T16:53:44.855Z"}}, {"model": "pos.saleitem", "pk": 27, "fields": {"sale": 13, "product": 5, "quantity": 5, "unit_price": "1500.00", "total_price": "7500.00", "created_at": "2025-07-25T16:53:44.864Z"}}, {"model": "pos.saleitem", "pk": 28, "fields": {"sale": 13, "product": 11, "quantity": 9, "unit_price": "300.00", "total_price": "2700.00", "created_at": "2025-07-25T16:53:44.867Z"}}, {"model": "pos.saleitem", "pk": 29, "fields": {"sale": 13, "product": 15, "quantity": 7, "unit_price": "400.00", "total_price": "2800.00", "created_at": "2025-07-25T16:53:44.869Z"}}, {"model": "pos.saleitem", "pk": 30, "fields": {"sale": 14, "product": 2, "quantity": 1, "unit_price": "45000.00", "total_price": "45000.00", "created_at": "2025-07-25T16:53:44.879Z"}}, {"model": "pos.saleitem", "pk": 31, "fields": {"sale": 14, "product": 16, "quantity": 1, "unit_price": "200.00", "total_price": "200.00", "created_at": "2025-07-25T16:53:44.881Z"}}, {"model": "pos.saleitem", "pk": 32, "fields": {"sale": 14, "product": 25, "quantity": 3, "unit_price": "1200.00", "total_price": "3600.00", "created_at": "2025-07-25T16:53:44.883Z"}}, {"model": "pos.saleitem", "pk": 33, "fields": {"sale": 15, "product": 20, "quantity": 7, "unit_price": "300.00", "total_price": "2100.00", "created_at": "2025-07-25T16:53:44.890Z"}}, {"model": "pos.saleitem", "pk": 34, "fields": {"sale": 15, "product": 14, "quantity": 3, "unit_price": "1800.00", "total_price": "5400.00", "created_at": "2025-07-25T16:53:44.890Z"}}, {"model": "pos.saleitem", "pk": 35, "fields": {"sale": 15, "product": 24, "quantity": 5, "unit_price": "600.00", "total_price": "3000.00", "created_at": "2025-07-25T16:53:44.890Z"}}, {"model": "pos.saleitem", "pk": 36, "fields": {"sale": 16, "product": 26, "quantity": 6, "unit_price": "800.00", "total_price": "4800.00", "created_at": "2025-07-25T16:53:44.903Z"}}, {"model": "pos.saleitem", "pk": 37, "fields": {"sale": 16, "product": 11, "quantity": 5, "unit_price": "300.00", "total_price": "1500.00", "created_at": "2025-07-25T16:53:44.906Z"}}, {"model": "pos.saleitem", "pk": 38, "fields": {"sale": 17, "product": 21, "quantity": 2, "unit_price": "1500.00", "total_price": "3000.00", "created_at": "2025-07-25T16:53:44.912Z"}}, {"model": "pos.saleitem", "pk": 39, "fields": {"sale": 17, "product": 2, "quantity": 9, "unit_price": "45000.00", "total_price": "405000.00", "created_at": "2025-07-25T16:53:44.914Z"}}, {"model": "pos.saleitem", "pk": 40, "fields": {"sale": 18, "product": 20, "quantity": 6, "unit_price": "300.00", "total_price": "1800.00", "created_at": "2025-07-25T16:53:44.923Z"}}, {"model": "pos.saleitem", "pk": 41, "fields": {"sale": 18, "product": 17, "quantity": 2, "unit_price": "400.00", "total_price": "800.00", "created_at": "2025-07-25T16:53:44.925Z"}}, {"model": "pos.saleitem", "pk": 42, "fields": {"sale": 18, "product": 23, "quantity": 4, "unit_price": "800.00", "total_price": "3200.00", "created_at": "2025-07-25T16:53:44.925Z"}}, {"model": "pos.saleitem", "pk": 43, "fields": {"sale": 18, "product": 19, "quantity": 5, "unit_price": "800.00", "total_price": "4000.00", "created_at": "2025-07-25T16:53:44.931Z"}}, {"model": "pos.saleitem", "pk": 44, "fields": {"sale": 18, "product": 16, "quantity": 5, "unit_price": "200.00", "total_price": "1000.00", "created_at": "2025-07-25T16:53:44.933Z"}}, {"model": "pos.saleitem", "pk": 45, "fields": {"sale": 19, "product": 3, "quantity": 9, "unit_price": "2500.00", "total_price": "22500.00", "created_at": "2025-07-25T16:53:44.943Z"}}, {"model": "pos.saleitem", "pk": 46, "fields": {"sale": 19, "product": 17, "quantity": 8, "unit_price": "400.00", "total_price": "3200.00", "created_at": "2025-07-25T16:53:44.945Z"}}, {"model": "pos.saleitem", "pk": 47, "fields": {"sale": 19, "product": 18, "quantity": 6, "unit_price": "1200.00", "total_price": "7200.00", "created_at": "2025-07-25T16:53:44.949Z"}}, {"model": "pos.saleitem", "pk": 48, "fields": {"sale": 19, "product": 20, "quantity": 9, "unit_price": "300.00", "total_price": "2700.00", "created_at": "2025-07-25T16:53:44.949Z"}}, {"model": "pos.saleitem", "pk": 49, "fields": {"sale": 20, "product": 1, "quantity": 3, "unit_price": "25000.00", "total_price": "75000.00", "created_at": "2025-07-25T16:53:44.958Z"}}, {"model": "pos.saleitem", "pk": 50, "fields": {"sale": 21, "product": 23, "quantity": 3, "unit_price": "800.00", "total_price": "2400.00", "created_at": "2025-07-25T16:53:44.966Z"}}, {"model": "pos.saleitem", "pk": 51, "fields": {"sale": 21, "product": 17, "quantity": 10, "unit_price": "400.00", "total_price": "4000.00", "created_at": "2025-07-25T16:53:44.969Z"}}, {"model": "pos.saleitem", "pk": 52, "fields": {"sale": 22, "product": 13, "quantity": 9, "unit_price": "80.00", "total_price": "720.00", "created_at": "2025-07-25T16:53:44.978Z"}}, {"model": "pos.saleitem", "pk": 53, "fields": {"sale": 23, "product": 9, "quantity": 5, "unit_price": "600.00", "total_price": "3000.00", "created_at": "2025-07-25T16:53:44.985Z"}}, {"model": "pos.saleitem", "pk": 54, "fields": {"sale": 24, "product": 5, "quantity": 9, "unit_price": "1500.00", "total_price": "13500.00", "created_at": "2025-07-25T16:53:44.996Z"}}, {"model": "pos.saleitem", "pk": 55, "fields": {"sale": 24, "product": 6, "quantity": 8, "unit_price": "800.00", "total_price": "6400.00", "created_at": "2025-07-25T16:53:44.999Z"}}, {"model": "pos.saleitem", "pk": 56, "fields": {"sale": 25, "product": 9, "quantity": 2, "unit_price": "600.00", "total_price": "1200.00", "created_at": "2025-07-25T16:53:45.009Z"}}, {"model": "pos.saleitem", "pk": 57, "fields": {"sale": 26, "product": 3, "quantity": 1, "unit_price": "2500.00", "total_price": "2500.00", "created_at": "2025-09-02T10:08:50.673Z"}}, {"model": "pos.saleitem", "pk": 58, "fields": {"sale": 27, "product": 3, "quantity": 1, "unit_price": "2500.00", "total_price": "2500.00", "created_at": "2025-09-02T10:12:47.183Z"}}, {"model": "pos.saleitem", "pk": 59, "fields": {"sale": 28, "product": 7, "quantity": 3, "unit_price": "1500.00", "total_price": "4500.00", "created_at": "2025-09-02T10:16:19.593Z"}}, {"model": "pos.saleitem", "pk": 60, "fields": {"sale": 29, "product": 9, "quantity": 1, "unit_price": "600.00", "total_price": "600.00", "created_at": "2025-09-02T10:18:07.489Z"}}, {"model": "pos.saleitem", "pk": 61, "fields": {"sale": 30, "product": 3, "quantity": 1, "unit_price": "2500.00", "total_price": "2500.00", "created_at": "2025-09-02T10:22:06.666Z"}}, {"model": "pos.saleitem", "pk": 62, "fields": {"sale": 31, "product": 3, "quantity": 1, "unit_price": "2500.00", "total_price": "2500.00", "created_at": "2025-09-02T10:24:37.792Z"}}, {"model": "pos.saleitem", "pk": 63, "fields": {"sale": 32, "product": 3, "quantity": 1, "unit_price": "2500.00", "total_price": "2500.00", "created_at": "2025-09-02T10:24:48.069Z"}}, {"model": "pos.saleitem", "pk": 64, "fields": {"sale": 33, "product": 7, "quantity": 1, "unit_price": "1500.00", "total_price": "1500.00", "created_at": "2025-09-02T10:29:23.431Z"}}, {"model": "pos.saleitem", "pk": 65, "fields": {"sale": 33, "product": 16, "quantity": 1, "unit_price": "200.00", "total_price": "200.00", "created_at": "2025-09-02T10:29:23.457Z"}}, {"model": "pos.saleitem", "pk": 66, "fields": {"sale": 33, "product": 13, "quantity": 1, "unit_price": "80.00", "total_price": "80.00", "created_at": "2025-09-02T10:29:23.471Z"}}, {"model": "pos.saleitem", "pk": 67, "fields": {"sale": 34, "product": 7, "quantity": 1, "unit_price": "1500.00", "total_price": "1500.00", "created_at": "2025-09-02T10:38:18.244Z"}}, {"model": "pos.saleitem", "pk": 68, "fields": {"sale": 34, "product": 8, "quantity": 1, "unit_price": "3000.00", "total_price": "3000.00", "created_at": "2025-09-02T10:38:18.268Z"}}, {"model": "pos.saleitem", "pk": 69, "fields": {"sale": 34, "product": 21, "quantity": 1, "unit_price": "1500.00", "total_price": "1500.00", "created_at": "2025-09-02T10:38:18.290Z"}}, {"model": "pos.stockmovement", "pk": 1, "fields": {"product": 4, "movement_type": "adjustment", "quantity": 2, "reference_type": "manual", "reference_id": null, "notes": "Stock adjustment - Inventory count correction", "created_by": 3, "created_at": "2025-07-25T16:53:45.024Z"}}, {"model": "pos.stockmovement", "pk": 2, "fields": {"product": 15, "movement_type": "adjustment", "quantity": 7, "reference_type": "manual", "reference_id": null, "notes": "Stock adjustment - Inventory count correction", "created_by": 3, "created_at": "2025-07-25T16:53:45.026Z"}}, {"model": "pos.stockmovement", "pk": 3, "fields": {"product": 14, "movement_type": "adjustment", "quantity": 0, "reference_type": "manual", "reference_id": null, "notes": "Stock adjustment - Inventory count correction", "created_by": 2, "created_at": "2025-07-25T16:53:45.029Z"}}, {"model": "pos.stockmovement", "pk": 4, "fields": {"product": 11, "movement_type": "out", "quantity": 18, "reference_type": "manual", "reference_id": null, "notes": "Stock issued - Manual adjustment", "created_by": 3, "created_at": "2025-07-25T16:53:45.033Z"}}, {"model": "pos.stockmovement", "pk": 5, "fields": {"product": 13, "movement_type": "in", "quantity": 45, "reference_type": "manual", "reference_id": null, "notes": "Stock replenishment - Purchase Order #8529", "created_by": 1, "created_at": "2025-07-25T16:53:45.035Z"}}, {"model": "pos.stockmovement", "pk": 6, "fields": {"product": 12, "movement_type": "in", "quantity": 35, "reference_type": "manual", "reference_id": null, "notes": "Stock replenishment - Purchase Order #5570", "created_by": 2, "created_at": "2025-07-25T16:53:45.038Z"}}, {"model": "pos.stockmovement", "pk": 7, "fields": {"product": 3, "movement_type": "adjustment", "quantity": 9, "reference_type": "manual", "reference_id": null, "notes": "Stock adjustment - Inventory count correction", "created_by": 3, "created_at": "2025-07-25T16:53:45.039Z"}}, {"model": "pos.stockmovement", "pk": 8, "fields": {"product": 12, "movement_type": "adjustment", "quantity": 9, "reference_type": "manual", "reference_id": null, "notes": "Stock adjustment - Inventory count correction", "created_by": 2, "created_at": "2025-07-25T16:53:45.041Z"}}, {"model": "pos.stockmovement", "pk": 9, "fields": {"product": 19, "movement_type": "out", "quantity": 4, "reference_type": "manual", "reference_id": null, "notes": "Stock issued - Manual adjustment", "created_by": 1, "created_at": "2025-07-25T16:53:45.043Z"}}, {"model": "pos.stockmovement", "pk": 10, "fields": {"product": 25, "movement_type": "adjustment", "quantity": 5, "reference_type": "manual", "reference_id": null, "notes": "Stock adjustment - Inventory count correction", "created_by": 2, "created_at": "2025-07-25T16:53:45.047Z"}}, {"model": "pos.stockmovement", "pk": 11, "fields": {"product": 22, "movement_type": "in", "quantity": 28, "reference_type": "manual", "reference_id": null, "notes": "Stock replenishment - Purchase Order #2719", "created_by": 2, "created_at": "2025-07-25T16:53:45.049Z"}}, {"model": "pos.stockmovement", "pk": 12, "fields": {"product": 6, "movement_type": "adjustment", "quantity": 9, "reference_type": "manual", "reference_id": null, "notes": "Stock adjustment - Inventory count correction", "created_by": 2, "created_at": "2025-07-25T16:53:45.051Z"}}, {"model": "pos.stockmovement", "pk": 13, "fields": {"product": 10, "movement_type": "out", "quantity": 4, "reference_type": "manual", "reference_id": null, "notes": "Stock issued - Manual adjustment", "created_by": 2, "created_at": "2025-07-25T16:53:45.053Z"}}, {"model": "pos.stockmovement", "pk": 14, "fields": {"product": 5, "movement_type": "out", "quantity": 8, "reference_type": "manual", "reference_id": null, "notes": "Stock issued - Manual adjustment", "created_by": 2, "created_at": "2025-07-25T16:53:45.055Z"}}, {"model": "pos.stockmovement", "pk": 15, "fields": {"product": 26, "movement_type": "adjustment", "quantity": 1, "reference_type": "manual", "reference_id": null, "notes": "Stock adjustment - Inventory count correction", "created_by": 3, "created_at": "2025-07-25T16:53:45.060Z"}}]
